rsid,chrom,pos,gene,distance_from_gene,ref,alt,all_maf,all_AA,all_AB,all_BB,apr_OR,apr_log(OR)se,apr_z_stat,apr_allele,apr_unadjusted,apr_maf,apr_AA,apr_AB,apr_BB,may_OR,may_log(OR)se,may_z_stat,may_allele,may_unadjusted,may_maf,may_AA,may_AB,may_BB
rs3024329,6,6316135,F13A1,0,G,T,0.12086316280567337,4009,65556,267582,1.43224,0.109063,3.29385,G,0.00098824,0.16981132075471697,9,81,242,1.29674,0.0920851,2.82187,G,0.00477448,0.15410573678290213,13,111,376
rs140754743,19,47803469,C5AR1,9631,T,G,0.012171174703908869,60,7981,328744,1.60491,0.280389,1.68718,T,0.0915683,0.019908116385911178,1,11,320,1.89621,0.211147,3.03038,T,0.00244242,0.02349336057201226,1,21,478
rs61916033,12,9285480,A2M,16920,G,A,0.10162895370427377,2819,57088,277240,1.26491,0.122211,1.9229,G,0.0544927,0.12794612794612795,3,70,259,1.36129,0.096921,3.18233,G,0.00146097,0.13769751693002258,4,114,382
rs45574833,1,207300070,C4BPA,0,A,G,0.012392457339472265,46,8163,328938,2.64776,0.222419,4.37783,A,1.19866e-05,0.03255813953488372,1,19,312,1.98631,0.207185,3.31238,A,0.000925046,0.024539877300613498,1,22,477
rs7297589,12,9273449,A2M,4889,A,G,0.5634910661692519,60996,164994,111157,0.885287,0.0794315,-1.53395,A,0.125042,0.5207920792079208,52,159,121,0.808855,0.0654035,-3.24348,A,0.00118078,0.4851228978007762,74,227,199
rs72729504,1,94940206,F3,54494,T,C,0.024386022182914146,191,15679,321277,1.93339,0.18705,3.52459,T,0.000424132,0.0473186119873817,0,30,302,1.30655,0.182675,1.46375,T,0.143262,0.03199174406604747,0,31,469
rs669,12,9232268,A2M,0,C,T,0.4524828627504398,41394,153061,142692,0.852115,0.0835911,-1.91448,C,0.0555592,0.4026974951830443,32,145,155,0.790137,0.0691161,-3.40802,C,0.000654354,0.3780025284450063,45,209,246
rs78958998,11,57317971,SERPING1,47029,T,C,0.10330131536910934,3019,57661,276467,0.746738,0.14987,-1.94863,T,0.0513402,0.07766990291262135,1,46,285,0.655484,0.129231,-3.26843,T,0.00108146,0.06823027718550106,1,62,437
rs4804049,19,47823484,C5AR1,0,C,T,0.012863044989870258,328648,8433,66,1.55214,0.279551,1.57264,T,0.115801,0.019908116385911178,320,11,1,1.91264,0.20622,3.14463,T,0.00166299,0.024539877300613498,477,22,1
rs78730002,4,110677014,CFI,0,C,T,0.019286477403405167,114,12535,324498,1.86541,0.212721,2.93097,C,0.00337903,0.0358814352574103,0,23,309,1.77142,0.177511,3.2211,C,0.001277,0.034055727554179564,1,31,468
rs7556361,1,57276195,C8A,44205,T,C,0.13300675412627913,4812,70663,261672,1.33854,0.107699,2.70733,T,0.00678266,0.17647058823529413,8,86,238,1.31318,0.0884207,3.08129,T,0.00206107,0.17336394948335246,11,129,360
rs117284601,11,57425228,SERPING1,42928,A,G,0.042371861157841126,545,26364,310238,1.80043,0.151694,3.87638,A,0.000106022,0.07592891760904685,1,45,286,1.61627,0.129549,3.70611,A,0.000210471,0.06794055201698514,3,58,439
rs10842898,12,9262289,A2M,0,T,G,0.4568644062912438,42026,153761,141360,0.852802,0.0834044,-1.90911,T,0.0562479,0.4097087378640777,31,149,152,0.794717,0.0688785,-3.33586,T,0.000850372,0.38598726114649684,44,215,241
rs61821114,1,207610967,CR2,17033,T,C,0.015024298035839791,73,9837,327237,2.39526,0.212492,4.1107,T,3.94457e-05,0.03576982892690513,1,21,310,1.85007,0.195407,3.14841,T,0.00164162,0.027692307692307693,1,25,474
rs2230203,19,6710782,C3,0,T,G,0.22603438138947146,12141,104509,220497,0.660121,0.113613,-3.65567,T,0.000256514,0.1541095890410959,5,80,247,0.789654,0.0869256,-2.7168,T,0.00659157,0.18414918414918416,8,142,350
rs4883215,12,9314207,A2M,45647,G,A,0.4189209482334201,36081,148221,152845,0.795062,0.0865838,-2.64871,G,0.00808003,0.34709193245778613,27,131,174,0.779978,0.0708608,-3.50673,G,0.000453652,0.3416149068322981,40,195,265
rs2910425,19,47847760,C5AR1,22460,T,G,0.013436836948747078,66,8810,328271,1.72033,0.260897,2.07943,T,0.0375783,0.02304147465437788,1,13,318,1.91003,0.202405,3.19716,T,0.0013879,0.0255885363357216,1,23,476
rs1047286,19,6713262,C3,0,A,G,0.25711402587631643,15410,113395,208342,0.656802,0.108173,-3.88613,A,0.000101855,0.1762652705061082,5,91,236,0.775843,0.0833379,-3.0455,A,0.00232292,0.2080856123662307,8,159,333
rs2230199,19,6718387,C3,0,C,G,0.25488521049673085,14584,108678,201485,0.684134,0.107067,-3.54547,C,0.000391917,0.18850987432675045,5,95,226,0.798965,0.0829788,-2.70477,C,0.00683522,0.2196319018404908,8,163,318
rs12064775,1,196600605,CFH,20395,G,A,0.016885728845347833,94,11012,326041,2.13153,0.212588,3.56012,G,0.000370689,0.0358814352574103,0,23,309,1.8398,0.185743,3.28226,G,0.00102978,0.030927835051546393,0,30,470
rs74504130,12,47284908,C5AR2,46706,A,G,0.06001309946505295,1100,36100,299947,0.569016,0.216903,-2.59953,A,0.00933514,0.03426791277258567,0,22,310,0.549311,0.179768,-3.33258,A,0.000860454,0.03305785123966942,0,32,468
rs55945585,5,40903166,C7,6434,T,C,0.028520042676421276,259,18194,318694,1.43458,0.200204,1.80251,T,0.0714656,0.04075235109717868,0,26,306,1.62256,0.154365,3.13545,T,0.0017159,0.04602510460251046,0,44,456
rs8176612,2,188349145,TFPI,0,A,G,0.061298048645062324,1172,36737,299238,1.43296,0.141897,2.53521,A,0.0112379,0.08794788273615635,2,50,280,1.5051,0.113357,3.60683,A,0.000309966,0.09209100758396534,4,77,419
rs61821041,1,207352581,C4BPA,34581,G,A,0.012679706763010815,48,8348,328751,2.3377,0.233369,3.63874,G,0.00027397,0.02936630602782071,1,17,314,1.78125,0.216116,2.67132,G,0.00755537,0.022448979591836733,1,20,479
rs117316516,12,45797209,ANO6,0,C,T,0.019573389189263136,136,12605,322503,1.85048,0.208731,2.94851,C,0.00319312,0.03459119496855346,1,20,307,1.77582,0.173494,3.30998,C,0.000933031,0.03239289446185998,1,29,463
rs6447,6,32008924,C4B,5724,A,G,0.01573169078778934,81,10284,326782,1.97066,0.22734,2.98393,A,0.00284567,0.031055900621118012,0,20,312,1.83369,0.192058,3.15703,A,0.00159387,0.02880658436213992,0,28,472
rs9913923,17,1703982,SERPINF2,45422,T,C,0.10391603400168711,3102,57854,276191,1.48131,0.113865,3.45078,T,0.000558963,0.151618398637138,6,77,249,1.36869,0.0956232,3.28218,T,0.00103009,0.14029180695847362,8,109,383
